"Status","Start Time","Stop Time","Duration in ms","Parent Suite","Suite","Sub Suite","Test Class","Test Method","Name","Description"
"passed","Tue Oct 06 06:42:12 UTC 2026","Tue Oct 06 06:42:19 UTC 2026","6646","User Admin Automation Framework - Ruturaj Darekar","Firefox Tests","tests.dashboardTests.DashboardActionsTest","tests.dashboardTests.DashboardActionsTest","activateUserTest","activateUserTest","Verify activate user functionality"
"passed","Tue Oct 06 06:41:12 UTC 2026","Tue Oct 06 06:41:13 UTC 2026","566","User Admin Automation Framework - Ruturaj Darekar","Firefox Tests","tests.loginTests.LoginTest","tests.loginTests.LoginTest","loginUser","loginUser","Verify user login with valid credentials"
"passed","Tue Oct 06 06:41:07 UTC 2026","Tue Oct 06 06:41:09 UTC 2026","2189","User Admin Automation Framework - Ruturaj Darekar","Firefox Tests","tests.registerTests.RegisterUsersTest","tests.registerTests.RegisterUsersTest","registerFiveUsers","registerFiveUsers","Verify registration of 5 users"
"passed","Tue Oct 06 06:42:15 UTC 2026","Tue Oct 06 06:42:19 UTC 2026","3591","User Admin Automation Framework - Ruturaj Darekar","Chrome Tests","tests.dashboardTests.DashboardActionsTest","tests.dashboardTests.DashboardActionsTest","logoutTest","logoutTest","Verify logout functionality"
"passed","Tue Oct 06 06:41:17 UTC 2026","Tue Oct 06 06:41:47 UTC 2026","30671","User Admin Automation Framework - Ruturaj Darekar","Firefox Tests","tests.regressionTests.RegressionE2ETest","tests.regressionTests.RegressionE2ETest","fullRegressionFlow","fullRegressionFlow","Verify full end-to-end user flow including register, login, dashboard actions and logout"
"passed","Tue Oct 06 06:41:51 UTC 2026","Tue Oct 06 06:41:55 UTC 2026","3663","User Admin Automation Framework - Ruturaj Darekar","Chrome Tests","tests.dashboardTests.DashboardActionsTest","tests.dashboardTests.DashboardActionsTest","updateUserTest","updateUserTest","Verify update user functionality"
"passed","Tue Oct 06 06:42:19 UTC 2026","Tue Oct 06 06:42:26 UTC 2026","6806","User Admin Automation Framework - Ruturaj Darekar","Chrome Tests","tests.dashboardTests.DashboardActionsTest","tests.dashboardTests.DashboardActionsTest","deleteUserTest","deleteUserTest","Verify delete user functionality"
"passed","Tue Oct 06 06:41:50 UTC 2026","Tue Oct 06 06:41:54 UTC 2026","3830","User Admin Automation Framework - Ruturaj Darekar","Firefox Tests","tests.dashboardTests.DashboardActionsTest","tests.dashboardTests.DashboardActionsTest","searchUserTest","searchUserTest","Verify search user functionality"
"passed","Tue Oct 06 06:41:47 UTC 2026","Tue Oct 06 06:41:51 UTC 2026","3877","User Admin Automation Framework - Ruturaj Darekar","Chrome Tests","tests.dashboardTests.DashboardActionsTest","tests.dashboardTests.DashboardActionsTest","searchUserTest","searchUserTest","Verify search user functionality"
"passed","Tue Oct 06 06:41:11 UTC 2026","Tue Oct 06 06:41:14 UTC 2026","3690","User Admin Automation Framework - Ruturaj Darekar","Chrome Tests","tests.registerTests.RegisterUsersTest","tests.registerTests.RegisterUsersTest","registerFiveUsers","registerFiveUsers","Verify registration of 5 users"
"passed","Tue Oct 06 06:41:15 UTC 2026","Tue Oct 06 06:41:16 UTC 2026","715","User Admin Automation Framework - Ruturaj Darekar","Chrome Tests","tests.loginTests.LoginTest","tests.loginTests.LoginTest","loginUser","loginUser","Verify user login with valid credentials"
"passed","Tue Oct 06 06:41:56 UTC 2026","Tue Oct 06 06:42:03 UTC 2026","6997","User Admin Automation Framework - Ruturaj Darekar","Chrome Tests","tests.dashboardTests.DashboardActionsTest","tests.dashboardTests.DashboardActionsTest","blockUserTest","blockUserTest","Verify block user functionality"
"passed","Tue Oct 06 06:41:17 UTC 2026","Tue Oct 06 06:41:47 UTC 2026","29924","User Admin Automation Framework - Ruturaj Darekar","Chrome Tests","tests.regressionTests.RegressionE2ETest","tests.regressionTests.RegressionE2ETest","fullRegressionFlow","fullRegressionFlow","Verify full end-to-end user flow including register, login, dashboard actions and logout"
"passed","Tue Oct 06 06:41:56 UTC 2026","Tue Oct 06 06:42:00 UTC 2026","4030","User Admin Automation Framework - Ruturaj Darekar","Firefox Tests","tests.dashboardTests.DashboardActionsTest","tests.dashboardTests.DashboardActionsTest","updateUserTest","updateUserTest","Verify update user functionality"
"passed","Tue Oct 06 06:42:33 UTC 2026","Tue Oct 06 06:42:40 UTC 2026","6835","User Admin Automation Framework - Ruturaj Darekar","Firefox Tests","tests.dashboardTests.DashboardActionsTest","tests.dashboardTests.DashboardActionsTest","deleteUserTest","deleteUserTest","Verify delete user functionality"
"passed","Tue Oct 06 06:42:11 UTC 2026","Tue Oct 06 06:42:15 UTC 2026","3953","User Admin Automation Framework - Ruturaj Darekar","Chrome Tests","tests.dashboardTests.DashboardActionsTest","tests.dashboardTests.DashboardActionsTest","resetPasswordTest","resetPasswordTest","Verify reset password functionality"
"passed","Tue Oct 06 06:42:21 UTC 2026","Tue Oct 06 06:42:25 UTC 2026","3803","User Admin Automation Framework - Ruturaj Darekar","Firefox Tests","tests.dashboardTests.DashboardActionsTest","tests.dashboardTests.DashboardActionsTest","resetPasswordTest","resetPasswordTest","Verify reset password functionality"
"passed","Tue Oct 06 06:42:02 UTC 2026","Tue Oct 06 06:42:09 UTC 2026","6883","User Admin Automation Framework - Ruturaj Darekar","Firefox Tests","tests.dashboardTests.DashboardActionsTest","tests.dashboardTests.DashboardActionsTest","blockUserTest","blockUserTest","Verify block user functionality"
"passed","Tue Oct 06 06:42:28 UTC 2026","Tue Oct 06 06:42:31 UTC 2026","3723","User Admin Automation Framework - Ruturaj Darekar","Firefox Tests","tests.dashboardTests.DashboardActionsTest","tests.dashboardTests.DashboardActionsTest","logoutTest","logoutTest","Verify logout functionality"
"passed","Tue Oct 06 06:42:03 UTC 2026","Tue Oct 06 06:42:10 UTC 2026","6767","User Admin Automation Framework - Ruturaj Darekar","Chrome Tests","tests.dashboardTests.DashboardActionsTest","tests.dashboardTests.DashboardActionsTest","activateUserTest","activateUserTest","Verify activate user functionality"
